variant_id,gene,consequence
rs75252324,TP53,frameshift_variant
rs68680031,TP53,splice_donor_variant
rs18268907,BRCA1,missense_variant
rs75870921,BRCA2,frameshift_variant
rs81861208,BRCA2,stop_gained
rs7080513,EGFR,missense_variant
rs64584863,KRAS,stop_gained
rs82370909,KRAS,stop_gained
rs22810655,MYC,splice_donor_variant
rs80688374,MYC,frameshift_variant
rs96125446,APC,stop_gained
rs3232974,APC,frameshift_variant
rs56907088,PTEN,stop_gained
rs81115852,RB1,splice_donor_variant
rs97824684,CFTR,missense_variant
rs71361272,HBB,inframe_deletion
rs20834119,HTT,inframe_deletion
rs77849080,HTT,inframe_deletion
rs60195194,DMD,frameshift_variant
rs93677376,FMR1,nonsense_variant
rs83071195,FMR1,splice_donor_variant
rs95727548,MECP2,nonsense_variant
rs89882576,APOE,splice_donor_variant
rs43111160,APOE,nonsense_variant
rs74319550,APP,frameshift_variant
rs92368166,APP,inframe_deletion
rs26805259,PSEN1,nonsense_variant
rs41063879,PSEN1,nonsense_variant
rs93642432,SNCA,inframe_deletion
rs47815569,LRRK2,stop_gained
rs39626436,LRRK2,missense_variant
rs53953249,SOD1,frameshift_variant
rs6646068,SOD1,frameshift_variant
rs60374716,G6PD,inframe_deletion
rs29720823,G6PD,nonsense_variant
rs19424464,LDLR,missense_variant
rs33115895,LDLR,nonsense_variant
rs86623471,MLH1,nonsense_variant
rs45331259,MSH2,inframe_deletion
rs92428040,MSH2,nonsense_variant
rs55614193,VHL,inframe_deletion
rs39553376,NF1,frameshift_variant
rs13007214,NF2,inframe_deletion
rs24496796,TSC1,splice_donor_variant
rs67489301,TSC2,nonsense_variant
rs6028625,TSC2,missense_variant
rs45968591,FBN1,frameshift_variant
rs19012011,COL1A1,stop_gained
rs26878707,COL1A1,missense_variant
rs88011385,PAH,frameshift_variant
rs2890348,PAH,inframe_deletion
rs24554528,GBA,stop_gained
rs70159799,SMN1,frameshift_variant
rs90826000,SMN1,missense_variant
rs44433080,ATM,nonsense_variant
rs52482483,ATM,nonsense_variant
rs41526484,WT1,stop_gained
rs2534878,WT1,frameshift_variant
rs9338186,MEN1,inframe_deletion
rs22436829,RET,splice_donor_variant
rs95429826,RET,frameshift_variant
rs50330907,KIT,stop_gained
rs18927298,KIT,splice_donor_variant
rs56813853,ABL1,inframe_deletion
rs73144402,ABL1,inframe_deletion
rs71532309,BCR,splice_donor_variant
rs11482769,FLT3,stop_gained
rs74504237,FLT3,stop_gained
rs23083803,JAK2,frameshift_variant
rs92307681,IDH1,nonsense_variant
rs13205980,CDKN2A,stop_gained
rs61858653,CDKN2A,nonsense_variant
rs76686878,MITF,missense_variant
rs91297353,MITF,frameshift_variant
rs35152669,VEGFA,missense_variant
rs78619624,VEGFA,missense_variant
rs95004067,TNF,missense_variant
rs10263592,TNF,splice_donor_variant
rs25156684,IL6,nonsense_variant
rs87688655,IL6,splice_donor_variant
rs51666702,INS,splice_donor_variant
rs89824290,INS,stop_gained
rs16922674,GCK,nonsense_variant
rs71980044,GCK,nonsense_variant
rs4051483,HNF1A,frameshift_variant
rs72394920,F8,splice_donor_variant
rs62824078,F8,frameshift_variant
rs98311066,F9,missense_variant
rs83533595,CYP21A2,missense_variant
rs10031632,CYP21A2,missense_variant
