variant_id,disease_id,clinical_significance,source
rs75252324,MONDO:0018875,pathogenic,ClinVar
rs68680031,MONDO:0018875,uncertain_significance,ClinVar
rs18268907,MONDO:0007254,likely_pathogenic,ClinVar
rs75870921,MONDO:0007254,pathogenic,ClinVar
rs81861208,MONDO:0007254,likely_pathogenic,ClinVar
rs7080513,MONDO:0005233,pathogenic,ClinVar
rs64584863,MONDO:0005575,likely_pathogenic,ClinVar
rs82370909,MONDO:0005575,pathogenic,ClinVar
rs22810655,MONDO:0009693,uncertain_significance,ClinVar
rs80688374,MONDO:0009693,uncertain_significance,ClinVar
rs96125446,MONDO:0021056,likely_pathogenic,ClinVar
rs3232974,MONDO:0021056,likely_pathogenic,ClinVar
rs56907088,MONDO:0016063,likely_pathogenic,ClinVar
rs81115852,MONDO:0008380,likely_pathogenic,ClinVar
rs97824684,MONDO:0009061,uncertain_significance,ClinVar
rs71361272,MONDO:0011382,uncertain_significance,ClinVar
rs20834119,MONDO:0007739,pathogenic,ClinVar
rs77849080,MONDO:0007739,pathogenic,ClinVar
rs60195194,MONDO:0010679,likely_pathogenic,ClinVar
rs93677376,MONDO:0010383,likely_pathogenic,ClinVar
rs83071195,MONDO:0010383,uncertain_significance,ClinVar
rs95727548,MONDO:0010726,uncertain_significance,ClinVar
rs89882576,MONDO:0004975,uncertain_significance,ClinVar
rs43111160,MONDO:0004975,likely_pathogenic,ClinVar
rs74319550,MONDO:0004975,uncertain_significance,ClinVar
rs92368166,MONDO:0004975,uncertain_significance,ClinVar
rs26805259,MONDO:0004975,likely_pathogenic,ClinVar
rs41063879,MONDO:0004975,likely_pathogenic,ClinVar
rs93642432,MONDO:0005180,likely_pathogenic,ClinVar
rs47815569,MONDO:0005180,uncertain_significance,ClinVar
rs39626436,MONDO:0005180,uncertain_significance,ClinVar
rs53953249,MONDO:0004976,pathogenic,ClinVar
rs6646068,MONDO:0004976,uncertain_significance,ClinVar
rs60374716,MONDO:0010214,likely_pathogenic,ClinVar
rs29720823,MONDO:0010214,uncertain_significance,ClinVar
rs19424464,MONDO:0007750,uncertain_significance,ClinVar
rs33115895,MONDO:0007750,pathogenic,ClinVar
rs86623471,MONDO:0005835,pathogenic,ClinVar
rs45331259,MONDO:0005835,likely_pathogenic,ClinVar
rs92428040,MONDO:0005835,pathogenic,ClinVar
rs55614193,MONDO:0008667,likely_pathogenic,ClinVar
rs39553376,MONDO:0018975,likely_pathogenic,ClinVar
rs13007214,MONDO:0007034,uncertain_significance,ClinVar
rs24496796,MONDO:0001734,pathogenic,ClinVar
rs67489301,MONDO:0001734,uncertain_significance,ClinVar
rs6028625,MONDO:0001734,likely_pathogenic,ClinVar
rs45968591,MONDO:0007947,likely_pathogenic,ClinVar
rs19012011,MONDO:0019019,likely_pathogenic,ClinVar
rs26878707,MONDO:0019019,likely_pathogenic,ClinVar
rs88011385,MONDO:0009861,uncertain_significance,ClinVar
rs2890348,MONDO:0009861,likely_pathogenic,ClinVar
rs24554528,MONDO:0018150,uncertain_significance,ClinVar
rs70159799,MONDO:0001516,pathogenic,ClinVar
rs90826000,MONDO:0001516,pathogenic,ClinVar
rs44433080,MONDO:0008840,pathogenic,ClinVar
rs52482483,MONDO:0008840,likely_pathogenic,ClinVar
rs41526484,MONDO:0006058,uncertain_significance,ClinVar
rs2534878,MONDO:0006058,uncertain_significance,ClinVar
rs9338186,MONDO:0007540,pathogenic,ClinVar
rs22436829,MONDO:0017827,uncertain_significance,ClinVar
rs95429826,MONDO:0017827,uncertain_significance,ClinVar
rs50330907,MONDO:0011719,pathogenic,ClinVar
rs18927298,MONDO:0011719,pathogenic,ClinVar
rs56813853,MONDO:0011996,uncertain_significance,ClinVar
rs73144402,MONDO:0011996,pathogenic,ClinVar
rs71532309,MONDO:0011996,uncertain_significance,ClinVar
rs11482769,MONDO:0018874,pathogenic,ClinVar
rs74504237,MONDO:0018874,pathogenic,ClinVar
rs23083803,MONDO:0009891,uncertain_significance,ClinVar
rs92307681,MONDO:0018177,uncertain_significance,ClinVar
rs13205980,MONDO:0005105,likely_pathogenic,ClinVar
rs61858653,MONDO:0005105,uncertain_significance,ClinVar
rs76686878,MONDO:0005105,uncertain_significance,ClinVar
rs91297353,MONDO:0005105,uncertain_significance,ClinVar
rs35152669,MONDO:0005010,uncertain_significance,ClinVar
rs78619624,MONDO:0005010,pathogenic,ClinVar
rs95004067,MONDO:0008383,uncertain_significance,ClinVar
rs10263592,MONDO:0008383,pathogenic,ClinVar
rs25156684,MONDO:0008383,uncertain_significance,ClinVar
rs87688655,MONDO:0008383,likely_pathogenic,ClinVar
rs51666702,MONDO:0011073,pathogenic,ClinVar
rs89824290,MONDO:0011073,pathogenic,ClinVar
rs16922674,MONDO:0007449,uncertain_significance,ClinVar
rs71980044,MONDO:0007449,uncertain_significance,ClinVar
rs4051483,MONDO:0007451,likely_pathogenic,ClinVar
rs72394920,MONDO:0010602,pathogenic,ClinVar
rs62824078,MONDO:0010602,pathogenic,ClinVar
rs98311066,MONDO:0010603,pathogenic,ClinVar
rs83533595,MONDO:0018543,pathogenic,ClinVar
rs10031632,MONDO:0018543,uncertain_significance,ClinVar
