id,gene,consequence,clinical_significance,hgvs_c
rs75252324,TP53,frameshift_variant,pathogenic,c.1583A>G
rs68680031,TP53,splice_donor_variant,uncertain_significance,c.1146A>G
rs18268907,BRCA1,missense_variant,likely_pathogenic,c.1529A>G
rs75870921,BRCA2,frameshift_variant,pathogenic,c.816A>G
rs81861208,BRCA2,stop_gained,likely_pathogenic,c.2049A>G
rs7080513,EGFR,missense_variant,pathogenic,c.2923A>G
rs64584863,KRAS,stop_gained,likely_pathogenic,c.611A>G
rs82370909,KRAS,stop_gained,pathogenic,c.1344A>G
rs22810655,MYC,splice_donor_variant,uncertain_significance,c.1226A>G
rs80688374,MYC,frameshift_variant,uncertain_significance,c.2088A>G
rs96125446,APC,stop_gained,likely_pathogenic,c.1946A>G
rs3232974,APC,frameshift_variant,likely_pathogenic,c.2760A>G
rs56907088,PTEN,stop_gained,likely_pathogenic,c.2971A>G
rs81115852,RB1,splice_donor_variant,likely_pathogenic,c.2686A>G
rs97824684,CFTR,missense_variant,uncertain_significance,c.1968A>G
rs71361272,HBB,inframe_deletion,uncertain_significance,c.2539A>G
rs20834119,HTT,inframe_deletion,pathogenic,c.130A>G
rs77849080,HTT,inframe_deletion,pathogenic,c.782A>G
rs60195194,DMD,frameshift_variant,likely_pathogenic,c.621A>G
rs93677376,FMR1,nonsense_variant,likely_pathogenic,c.2056A>G
rs83071195,FMR1,splice_donor_variant,uncertain_significance,c.2980A>G
rs95727548,MECP2,nonsense_variant,uncertain_significance,c.850A>G
rs89882576,APOE,splice_donor_variant,uncertain_significance,c.1544A>G
rs43111160,APOE,nonsense_variant,likely_pathogenic,c.2184A>G
rs74319550,APP,frameshift_variant,uncertain_significance,c.2953A>G
rs92368166,APP,inframe_deletion,uncertain_significance,c.1083A>G
rs26805259,PSEN1,nonsense_variant,likely_pathogenic,c.2286A>G
rs41063879,PSEN1,nonsense_variant,likely_pathogenic,c.1184A>G
rs93642432,SNCA,inframe_deletion,likely_pathogenic,c.1299A>G
rs47815569,LRRK2,stop_gained,uncertain_significance,c.1121A>G
rs39626436,LRRK2,missense_variant,uncertain_significance,c.2772A>G
rs53953249,SOD1,frameshift_variant,pathogenic,c.1190A>G
rs6646068,SOD1,frameshift_variant,uncertain_significance,c.324A>G
rs60374716,G6PD,inframe_deletion,likely_pathogenic,c.1963A>G
rs29720823,G6PD,nonsense_variant,uncertain_significance,c.1111A>G
rs19424464,LDLR,missense_variant,uncertain_significance,c.2404A>G
rs33115895,LDLR,nonsense_variant,pathogenic,c.2744A>G
rs86623471,MLH1,nonsense_variant,pathogenic,c.411A>G
rs45331259,MSH2,inframe_deletion,likely_pathogenic,c.412A>G
rs92428040,MSH2,nonsense_variant,pathogenic,c.2255A>G
rs55614193,VHL,inframe_deletion,likely_pathogenic,c.1956A>G
rs39553376,NF1,frameshift_variant,likely_pathogenic,c.2646A>G
rs13007214,NF2,inframe_deletion,uncertain_significance,c.952A>G
rs24496796,TSC1,splice_donor_variant,pathogenic,c.149A>G
rs67489301,TSC2,nonsense_variant,uncertain_significance,c.1186A>G
rs6028625,TSC2,missense_variant,likely_pathogenic,c.2327A>G
rs45968591,FBN1,frameshift_variant,likely_pathogenic,c.2627A>G
rs19012011,COL1A1,stop_gained,likely_pathogenic,c.1118A>G
rs26878707,COL1A1,missense_variant,likely_pathogenic,c.666A>G
rs88011385,PAH,frameshift_variant,uncertain_significance,c.763A>G
rs2890348,PAH,inframe_deletion,likely_pathogenic,c.1209A>G
rs24554528,GBA,stop_gained,uncertain_significance,c.1661A>G
rs70159799,SMN1,frameshift_variant,pathogenic,c.1642A>G
rs90826000,SMN1,missense_variant,pathogenic,c.576A>G
rs44433080,ATM,nonsense_variant,pathogenic,c.1069A>G
rs52482483,ATM,nonsense_variant,likely_pathogenic,c.1094A>G
rs41526484,WT1,stop_gained,uncertain_significance,c.2347A>G
rs2534878,WT1,frameshift_variant,uncertain_significance,c.1473A>G
rs9338186,MEN1,inframe_deletion,pathogenic,c.1907A>G
rs22436829,RET,splice_donor_variant,uncertain_significance,c.2059A>G
rs95429826,RET,frameshift_variant,uncertain_significance,c.481A>G
rs50330907,KIT,stop_gained,pathogenic,c.898A>G
rs18927298,KIT,splice_donor_variant,pathogenic,c.1864A>G
rs56813853,ABL1,inframe_deletion,uncertain_significance,c.1929A>G
rs73144402,ABL1,inframe_deletion,pathogenic,c.1014A>G
rs71532309,BCR,splice_donor_variant,uncertain_significance,c.2883A>G
rs11482769,FLT3,stop_gained,pathogenic,c.253A>G
rs74504237,FLT3,stop_gained,pathogenic,c.2346A>G
rs23083803,JAK2,frameshift_variant,uncertain_significance,c.1810A>G
rs92307681,IDH1,nonsense_variant,uncertain_significance,c.2389A>G
rs13205980,CDKN2A,stop_gained,likely_pathogenic,c.228A>G
rs61858653,CDKN2A,nonsense_variant,uncertain_significance,c.1702A>G
rs76686878,MITF,missense_variant,uncertain_significance,c.1894A>G
rs91297353,MITF,frameshift_variant,uncertain_significance,c.90A>G
rs35152669,VEGFA,missense_variant,uncertain_significance,c.893A>G
rs78619624,VEGFA,missense_variant,pathogenic,c.1736A>G
rs95004067,TNF,missense_variant,uncertain_significance,c.247A>G
rs10263592,TNF,splice_donor_variant,pathogenic,c.1176A>G
rs25156684,IL6,nonsense_variant,uncertain_significance,c.2988A>G
rs87688655,IL6,splice_donor_variant,likely_pathogenic,c.1567A>G
rs51666702,INS,splice_donor_variant,pathogenic,c.2797A>G
rs89824290,INS,stop_gained,pathogenic,c.2677A>G
rs16922674,GCK,nonsense_variant,uncertain_significance,c.1610A>G
rs71980044,GCK,nonsense_variant,uncertain_significance,c.913A>G
rs4051483,HNF1A,frameshift_variant,likely_pathogenic,c.2759A>G
rs72394920,F8,splice_donor_variant,pathogenic,c.1014A>G
rs62824078,F8,frameshift_variant,pathogenic,c.1130A>G
rs98311066,F9,missense_variant,pathogenic,c.2705A>G
rs83533595,CYP21A2,missense_variant,pathogenic,c.845A>G
rs10031632,CYP21A2,missense_variant,uncertain_significance,c.138A>G
